{
  "environment" : {
    "gitSha" : "93e3cf6",
    "host" : "mbp23.local",
    "platform" : "Version 26.4.1 (Build 25E253)",
    "swiftVersion" : "Apple Swift version 6.3.1 (swiftlang-6.3.1.1.2 clang-2100.0.123.102)"
  },
  "fileCount" : 122,
  "fixture" : "Sources",
  "iterations" : 3,
  "peakRSSBytesMean" : 68812800,
  "peakRSSBytesP99" : 69167022,
  "samples" : [
    {
      "peakRSSBytes" : 68403200,
      "wallSeconds" : 0.475748583
    },
    {
      "peakRSSBytes" : 68861952,
      "wallSeconds" : 0.697849666
    },
    {
      "peakRSSBytes" : 69173248,
      "wallSeconds" : 0.486407333
    }
  ],
  "scenario" : "duplicates-semantic",
  "wallSecondsMax" : 0.697849666,
  "wallSecondsMean" : 0.553335194,
  "wallSecondsMedian" : 0.486407333,
  "wallSecondsMin" : 0.475748583,
  "wallSecondsP99" : 0.69362081934
}