{
  "environment" : {
    "gitSha" : "ad931a9",
    "host" : "mbp23.local",
    "platform" : "Version 26.4.1 (Build 25E253)",
    "swiftVersion" : "Apple Swift version 6.3.1 (swiftlang-6.3.1.1.2 clang-2100.0.123.102)"
  },
  "fileCount" : 122,
  "fixture" : "Sources",
  "iterations" : 3,
  "peakRSSBytesMean" : 97506645,
  "peakRSSBytesP99" : 102372147,
  "samples" : [
    {
      "peakRSSBytes" : 89899008,
      "wallSeconds" : 0.330579209
    },
    {
      "peakRSSBytes" : 100204544,
      "wallSeconds" : 0.332312667
    },
    {
      "peakRSSBytes" : 102416384,
      "wallSeconds" : 0.324392583
    }
  ],
  "scenario" : "duplicates-exact",
  "wallSecondsMax" : 0.332312667,
  "wallSecondsMean" : 0.3290948196666667,
  "wallSecondsMedian" : 0.330579209,
  "wallSecondsMin" : 0.324392583,
  "wallSecondsP99" : 0.33227799784
}