{
  "environment" : {
    "gitSha" : "93e3cf6",
    "host" : "mbp23.local",
    "platform" : "Version 26.4.1 (Build 25E253)",
    "swiftVersion" : "Apple Swift version 6.3.1 (swiftlang-6.3.1.1.2 clang-2100.0.123.102)"
  },
  "fileCount" : 122,
  "fixture" : "Sources",
  "iterations" : 3,
  "peakRSSBytesMean" : 133769898,
  "peakRSSBytesP99" : 136788377,
  "samples" : [
    {
      "peakRSSBytes" : 131743744,
      "wallSeconds" : 0.492539834
    },
    {
      "peakRSSBytes" : 132694016,
      "wallSeconds" : 0.46007425
    },
    {
      "peakRSSBytes" : 136871936,
      "wallSeconds" : 0.451912625
    }
  ],
  "scenario" : "duplicates-near",
  "wallSecondsMax" : 0.492539834,
  "wallSecondsMean" : 0.4681755696666667,
  "wallSecondsMedian" : 0.46007425,
  "wallSecondsMin" : 0.451912625,
  "wallSecondsP99" : 0.49189052232
}