{
  "environment" : {
    "gitSha" : "93e3cf6",
    "host" : "mbp23.local",
    "platform" : "Version 26.4.1 (Build 25E253)",
    "swiftVersion" : "Apple Swift version 6.3.1 (swiftlang-6.3.1.1.2 clang-2100.0.123.102)"
  },
  "fileCount" : 122,
  "fixture" : "Sources",
  "iterations" : 3,
  "peakRSSBytesMean" : 11135658,
  "peakRSSBytesP99" : 11157176,
  "samples" : [
    {
      "peakRSSBytes" : 11108352,
      "wallSeconds" : 0.000310334
    },
    {
      "peakRSSBytes" : 11141120,
      "wallSeconds" : 0.000277458
    },
    {
      "peakRSSBytes" : 11157504,
      "wallSeconds" : 0.000255541
    }
  ],
  "scenario" : "symbol-lookup",
  "wallSecondsMax" : 0.000310334,
  "wallSecondsMean" : 0.00028111099999999996,
  "wallSecondsMedian" : 0.000277458,
  "wallSecondsMin" : 0.000255541,
  "wallSecondsP99" : 0.00030967648
}