{
  "environment" : {
    "gitSha" : "93e3cf6",
    "host" : "mbp23.local",
    "platform" : "Version 26.4.1 (Build 25E253)",
    "swiftVersion" : "Apple Swift version 6.3.1 (swiftlang-6.3.1.1.2 clang-2100.0.123.102)"
  },
  "fileCount" : 122,
  "fixture" : "Sources",
  "iterations" : 3,
  "peakRSSBytesMean" : 540557312,
  "peakRSSBytesP99" : 578557050,
  "samples" : [
    {
      "peakRSSBytes" : 465092608,
      "wallSeconds" : 2.0716115
    },
    {
      "peakRSSBytes" : 578011136,
      "wallSeconds" : 2.127003167
    },
    {
      "peakRSSBytes" : 578568192,
      "wallSeconds" : 2.369234417
    }
  ],
  "scenario" : "unused-reachability",
  "wallSecondsMax" : 2.369234417,
  "wallSecondsMean" : 2.1892830279999997,
  "wallSecondsMedian" : 2.127003167,
  "wallSecondsMin" : 2.0716115,
  "wallSecondsP99" : 2.364389792
}