{
  "environment" : {
    "gitSha" : "93e3cf6",
    "host" : "mbp23.local",
    "platform" : "Version 26.4.1 (Build 25E253)",
    "swiftVersion" : "Apple Swift version 6.3.1 (swiftlang-6.3.1.1.2 clang-2100.0.123.102)"
  },
  "fileCount" : 122,
  "fixture" : "Sources",
  "iterations" : 3,
  "peakRSSBytesMean" : 126555477,
  "peakRSSBytesP99" : 129132134,
  "samples" : [
    {
      "peakRSSBytes" : 122503168,
      "wallSeconds" : 0.108429292
    },
    {
      "peakRSSBytes" : 128008192,
      "wallSeconds" : 0.108351209
    },
    {
      "peakRSSBytes" : 129155072,
      "wallSeconds" : 0.132865542
    }
  ],
  "scenario" : "unused-simple",
  "wallSecondsMax" : 0.132865542,
  "wallSecondsMean" : 0.116548681,
  "wallSecondsMedian" : 0.108429292,
  "wallSecondsMin" : 0.108351209,
  "wallSecondsP99" : 0.132376817
}